QTY,MAKE,PART NUMBER,PRODUCT NAME,DESCRIPTION,SERIAL,NOTE,SHELF,URL
1,AKG,D5WL1,,Professional dynamic microphone head,,,12,avidexloanerlistfremont.pythonanywhere.com/3/
1,AKG,DHT800,DHT800 Band1 50mW,Reference digital wireless handheld transmitter,,,12,avidexloanerlistfremont.pythonanywhere.com/4/
1,AKG,DHT800BD1,DHT800 Band1 50mW,Reference digital wireless handheld transmitter,,WITH WINDSCREEN,12,avidexloanerlistfremont.pythonanywhere.com/5/
1,AMX,,EXB-REL8,"ICSLan Relay Interface, 8 Channels",,,9,avidexloanerlistfremont.pythonanywhere.com/6/
1,AMX,,FG423-17,Power Supply,,,9,avidexloanerlistfremont.pythonanywhere.com/7/
1,AMX,,HPX-AV101-HDMI-R,Single HDMI Module with Retractable Cable,,,9,avidexloanerlistfremont.pythonanywhere.com/8/
1,AMX,,MVP-8400,Modero ViewPoint Touch Panel ,,,9,avidexloanerlistfremont.pythonanywhere.com/9/
1,AMX,,N1-2000,AMX NetLinx Integrated Controller NI-2000,,,9,avidexloanerlistfremont.pythonanywhere.com/10/
1,AMX,,NI4000,AMX NI-4000 Netlinx Integrated Controller,,NOT IN BOX,14,avidexloanerlistfremont.pythonanywhere.com/11/
1,AMX,,NXC-ME-260/64,NETLINX MASTER ETHERNET CARD,,NOT IN BOX,14,avidexloanerlistfremont.pythonanywhere.com/12/
1,AMX,,NXT-CV7,"7"" Modero® Table Top Touch Panel",,,9,avidexloanerlistfremont.pythonanywhere.com/13/
1,AMX,,NXVA-AVB/ETHERNET,Modero® Ethernet/Video Breakout Box,,,9,avidexloanerlistfremont.pythonanywhere.com/14/
1,ATLONA,,AT-UHD-EX-100-CE-TX/RX,"4K/UHD HDMI Over 100 M HDBaseT tx/rx with Ethernet, Control, and PoE",,,Z1,avidexloanerlistfremont.pythonanywhere.com/15/
1,ATTEROTECH,,AXP20,Axiom expansion module,,,11,avidexloanerlistfremont.pythonanywhere.com/16/
1,ATTEROTECH,,UNA6IO-BT,bluteooth + AES67 IN-WALL I/O INTERFACE ,,,B4,avidexloanerlistfremont.pythonanywhere.com/17/
1,AUDIO TECHNICA,,ES947,Cardioid Condenser Boundary Microphone,,,11,avidexloanerlistfremont.pythonanywhere.com/18/
1,AXS,,DT60L-135-V-AMX17,"AMX PSR4.4, 2-Pin Retained Captive Wire Connector, 13.5V, 4.5A",,,9,avidexloanerlistfremont.pythonanywhere.com/19/
1,BIAMP,,AEC2HD CARD KIT ,"Audia® AEC-2HD Input Card
Dual-Channel Wide-Band Acoustic Echo Cancellation",,,9,avidexloanerlistfremont.pythonanywhere.com/20/
1,Biamp,,AudiaFLEX IP-2 CK,2-channel mic/line input card (Card Kit),,OP-2ECK,9,avidexloanerlistfremont.pythonanywhere.com/21/
1,BIAMP,,NEXIA-TC,TELECONFERENCE DSP,,,15,avidexloanerlistfremont.pythonanywhere.com/22/
1,BLACK MAGIC,,HARD DRIVE RECORDER,HARD DRIVE RECORDER,1900916,,Y2,avidexloanerlistfremont.pythonanywhere.com/23/
1,CHRISTIE,003-100857-02,ASSY LAMP 350W,350W Mercury Lamp,,,B3,avidexloanerlistfremont.pythonanywhere.com/24/
1,Christie,003-100857-02,Christie Projector Lamp,350W Mercury Lamp,,,Y4,avidexloanerlistfremont.pythonanywhere.com/25/
1,CLEARONE,,CONVERGE PRO 880T,Converge Professional Conferencing System ClearOne 910-151-881 880T,,,8,avidexloanerlistfremont.pythonanywhere.com/26/
1,CLEARONE,,CONVERGE PRO 880T,Converge Professional Conferencing System ClearOne 910-151-881 880T,,NOT IN BOX,14,avidexloanerlistfremont.pythonanywhere.com/27/
1,CLEARONE,,CONVERGE PRO 8I,ClearOne 10-151-810 Converge Pro 8i 910-151-810,,NOT IN BOX,14,avidexloanerlistfremont.pythonanywhere.com/28/
1,CLOCKAUDIO,,C007EW-RF,Boundary Layer Condenser microphone.,,,11,avidexloanerlistfremont.pythonanywhere.com/29/
1,CLOCKAUDIO,,CH32W,Litetouch touch sensitive electronic switch.,,,11,avidexloanerlistfremont.pythonanywhere.com/30/
1,CLOCKAUDIO,,SM80S-RF-PTT,Through Table Microphone Shock Mount with PTT Switch.,,,11,avidexloanerlistfremont.pythonanywhere.com/31/
1,COUNTRYMAN,,WCE6IB,LAVALIER MICROPHONE,,IN CASE,13,avidexloanerlistfremont.pythonanywhere.com/32/
1,CRESTRON,,6511147,UC Engine Assembly with UC-ENGINE-SD-Z & HD-CONV-USB-200 (Not sold separately),,NOT IN BOX,B4,avidexloanerlistfremont.pythonanywhere.com/33/
1,CRESTRON,,?,digital graphics engine,,,A7,avidexloanerlistfremont.pythonanywhere.com/34/
1,CRESTRON,,AM-100,Crestron AirMedia AM-100 Presentation Gateway,,,A2,avidexloanerlistfremont.pythonanywhere.com/35/
1,CRESTRON,,AM-200,CRESTRON AIRMEDIA PRESENTATION SYSTEM AM-200,,,A2,avidexloanerlistfremont.pythonanywhere.com/36/
1,CRESTRON,,C2ENET-1,Single Port Ethernet Card for Z-Bus Expansion Slot,,,A2,avidexloanerlistfremont.pythonanywhere.com/37/
1,CRESTRON,,C2N-FTB-D-BALUM,"FlipTop™ Control Center, Brushed Aluminum [Special Order]",,,B7,avidexloanerlistfremont.pythonanywhere.com/38/
1,CRESTRON,,CEN-HPRFGW,Extended Range RF Wireless Gateway,,,A2,avidexloanerlistfremont.pythonanywhere.com/39/
1,CRESTRON,,CN-SW-POE-5,5-Port PoE Switch,,,A2,avidexloanerlistfremont.pythonanywhere.com/40/
1,CRESTRON,,CNPWS-75,Crestron CNPWS-75 24V 4A Power Supply,,,A2,avidexloanerlistfremont.pythonanywhere.com/41/
1,CRESTRON,,CP3N,"3-Series Control System®

Discontinued",,,B5,avidexloanerlistfremont.pythonanywhere.com/42/
1,CRESTRON,,DIN-AP2,DIN Rail 2-Series Automation Processor,,,A4,avidexloanerlistfremont.pythonanywhere.com/43/
1,CRESTRON,,DM-NVX-350,DM NVX® 4K60 4:4:4 HDR Network AV Encoder/Decoder,,,B5,avidexloanerlistfremont.pythonanywhere.com/44/
1,CRESTRON,,DM-PSU-16,16-Port PoDM Power Supply for DM 8G+® I/O Cards,15588892,,A7,avidexloanerlistfremont.pythonanywhere.com/45/
1,CRESTRON,,DM-RM-200C,DigitalMedia 8G+® Receiver & Room Controller 200,,,A3,avidexloanerlistfremont.pythonanywhere.com/46/
1,CRESTRON,,DM-RMC-100,Crestron DM-RMC-100 HDMI Room Controller,,,A4,avidexloanerlistfremont.pythonanywhere.com/47/
1,CRESTRON,,DM-RMC-100,Crestron DM-RMC-100 HDMI Room Controller,,,A3,avidexloanerlistfremont.pythonanywhere.com/48/
1,CRESTRON,,DM-RMC-100-1,DigitalMedia™ CAT Receiver & Room Controller 100-1 - mounts to a wall,,,A3,avidexloanerlistfremont.pythonanywhere.com/49/
1,CRESTRON,,DM-RMC-100-C,DigitalMedia 8G+™ Receiver & Room Controller 100,,,A3,avidexloanerlistfremont.pythonanywhere.com/50/
1,CRESTRON,,DM-RMC-100-C,DigitalMedia 8G+™ Receiver & Room Controller 100,,KIT3,A2,avidexloanerlistfremont.pythonanywhere.com/51/
1,CRESTRON,,DM-RMC-100-F,DigitalMedia™ Fiber Receiver & Room Controller 100,,,A3,avidexloanerlistfremont.pythonanywhere.com/52/
1,CRESTRON,,DM-RMC-150-S,DigitalMedia 8G™ Fiber Receiver & Room Controller 150,,,A3,avidexloanerlistfremont.pythonanywhere.com/53/
1,CRESTRON,,DM-RMC-200-C,DigitalMedia 8G+® Receiver & Room Controller 200,,,A5,avidexloanerlistfremont.pythonanywhere.com/54/
1,CRESTRON,,DM-RMC-200-C,DigitalMedia 8G+® Receiver & Room Controller 200,,,A3,avidexloanerlistfremont.pythonanywhere.com/55/
1,CRESTRON,,DM-RMC-200-C,DigitalMedia 8G+® Receiver & Room Controller 200,,,B7,avidexloanerlistfremont.pythonanywhere.com/56/
1,CRESTRON,,DM-RMC-4K-100-C,4K DigitalMedia 8G+® Receiver & Room Controller 100,,,A3,avidexloanerlistfremont.pythonanywhere.com/57/
1,CRESTRON,,DM-RMC-4K-100-C,4K DigitalMedia 8G+® Receiver & Room Controller 100,,KIT2,A2,avidexloanerlistfremont.pythonanywhere.com/58/
1,CRESTRON,,DM-RMC-4K-SCALER-C,4K DigitalMedia 8G+® Receiver & Room Controller w/Scaler,,,A3,avidexloanerlistfremont.pythonanywhere.com/59/
1,CRESTRON,,DM-RMC-4K-SCALER-C,4K DigitalMedia 8G+® Receiver & Room Controller w/Scaler,,,A5,avidexloanerlistfremont.pythonanywhere.com/60/
1,CRESTRON,,DM-RMC-SCALER,DigitalMedia 8G+® Receiver & Room Controller w/Scaler,,,?,avidexloanerlistfremont.pythonanywhere.com/61/
1,CRESTRON,,DM-RMC-SCALER-C,DigitalMedia 8G+® Receiver & Room Controller w/Scaler,,,A5,avidexloanerlistfremont.pythonanywhere.com/62/
1,CRESTRON,,DM-RMC-SCALER-C,DigitalMedia 8G+® Receiver & Room Controller w/Scaler,,,A3,avidexloanerlistfremont.pythonanywhere.com/63/
1,CRESTRON,,DM-RMC-SCALER-C,DigitalMedia 8G+® Receiver & Room Controller w/Scaler,,KIT1,A2,avidexloanerlistfremont.pythonanywhere.com/64/
1,CRESTRON,,DM-TX-200,"Wall Plate DigitalMedia 8G+® Transmitter 200, Black Textured",,,A3,avidexloanerlistfremont.pythonanywhere.com/65/
1,CRESTRON,,DM-TX-200-C-2G-B-T,"Wall Plate DigitalMedia 8G+® Transmitter 200, Black Textured",,KIT1,A2,avidexloanerlistfremont.pythonanywhere.com/66/
1,CRESTRON,,DM-TX-200-C-2G-B-T,"Wall Plate DigitalMedia 8G+® Transmitter 200, Black Textured",,,A3,avidexloanerlistfremont.pythonanywhere.com/67/
1,CRESTRON,,DM-TX-200-C-2G-W-T,"Wall Plate DigitalMedia 8G+® Transmitter 200, Black Textured",,,A3,avidexloanerlistfremont.pythonanywhere.com/68/
1,CRESTRON,,DM-TX-201-C,DigitalMedia 8G+® Transmitter 201,,KIT3,A2,avidexloanerlistfremont.pythonanywhere.com/69/
1,CRESTRON,,DM-TX-201-C,DigitalMedia 8G+® Transmitter 201,,,A3,avidexloanerlistfremont.pythonanywhere.com/70/
1,CRESTRON,,DM-TX-201-C,DigitalMedia 8G+® Transmitter 201,,,A2,avidexloanerlistfremont.pythonanywhere.com/71/
1,CRESTRON,,DM-TX-201-S,DigitalMedia 8G™ Fiber Transmitter 201,,,A2,avidexloanerlistfremont.pythonanywhere.com/72/
1,CRESTRON,,DM-TX-4K-100-C,"Wall Plate 4K DigitalMedia 8G+® Transmitter 100, Black Textured",,KIT4,A2,avidexloanerlistfremont.pythonanywhere.com/73/
1,CRESTRON,,DM-TX-4K-100-C-1G,"Wall Plate 4K DigitalMedia 8G+® Transmitter 100, Black Textured",,,A2,avidexloanerlistfremont.pythonanywhere.com/74/
1,CRESTRON,,DM-TX-4K-100-C-1G-B-T,"Wall Plate 4K DigitalMedia 8G+® Transmitter 100, Black Textured",,,A2,avidexloanerlistfremont.pythonanywhere.com/75/
1,CRESTRON,,DM-TX-4K-100-C-1G-E-W-T,"Wall Plate 4K DigitalMedia 8G+® Transmitter 100, White Textured",,,A2,avidexloanerlistfremont.pythonanywhere.com/76/
1,CRESTRON,,DM-TX-4K-100-C-1G-W-T,"Wall Plate 4K DigitalMedia 8G+® Transmitter 100, White Textured",,KIT2,A2,avidexloanerlistfremont.pythonanywhere.com/77/
1,CRESTRON,,DMC-C,HDBaseT® Certified DigitalMedia 8G+® Input Card for DM® Switchers,,,A4,avidexloanerlistfremont.pythonanywhere.com/78/
1,CRESTRON,,DMC-CO-HD,2-Channel DigitalMedia 8G+™ Output Card for DM® Switchers,,,A4,avidexloanerlistfremont.pythonanywhere.com/79/
1,CRESTRON,,DMC-CO-HD-PA,2-Channel DigitalMedia 8G+™ Output Card for DM® Switchers,,,A4,avidexloanerlistfremont.pythonanywhere.com/80/
1,CRESTRON,,DMC-DVI,DVI/VGA Input Card for DM® Switchers,,,A4,avidexloanerlistfremont.pythonanywhere.com/81/
1,CRESTRON,,DMC-HD,HDMI® Input Card for DM® Switchers,,,A4,avidexloanerlistfremont.pythonanywhere.com/82/
1,CRESTRON,,DMC-HD-C,HDBaseT® Certified DigitalMedia 8G+® Input Card for DM® Switchers,,,A4,avidexloanerlistfremont.pythonanywhere.com/83/
1,CRESTRON,,DMC-HDO,2-Channel HDMI® Output Card for DM® Switchers,,,A4,avidexloanerlistfremont.pythonanywhere.com/84/
1,CRESTRON,,DMC-SO-HD,2-Channel DigitalMedia 8G™ Fiber Output Card for DM® Switchers,,,A4,avidexloanerlistfremont.pythonanywhere.com/85/
1,CRESTRON,,DMC-SO-HD,2-Channel DigitalMedia 8G™ Fiber Output Card for DM® Switchers,,OPEN BAG,?,avidexloanerlistfremont.pythonanywhere.com/86/
1,CRESTRON,,DMC-VID-RCA-C,RCA Analog Video Input Card w/ Audio for DM® Switchers,5539986,,A3,avidexloanerlistfremont.pythonanywhere.com/87/
1,CRESTRON,,DMCO-53,2 DM 8G+ w/1 HDMI & 2 HDMI w/2 Stereo Analog Audio Output Card for DM-MD8X8 & DM-MD32X32,,,A4,avidexloanerlistfremont.pythonanywhere.com/88/
1,CRESTRON,,DMPS-200,DigitalMedia™ Presentation System 200,,,A7,avidexloanerlistfremont.pythonanywhere.com/89/
1,CRESTRON,,DMPS3-4K-150-C,"3-Series® 4K DigitalMedia™ Presentation System 150
",,,A7,avidexloanerlistfremont.pythonanywhere.com/90/
1,CRESTRON,,HAE 100 / 28-327-07LF,HDMI Audio De-Embedder / Power Supply,,,A2,avidexloanerlistfremont.pythonanywhere.com/91/
1,CRESTRON,,HD-DA-2,1-to-2 HDMI® Distribution Amplifier & Audio Converter,,KIT3,A2,avidexloanerlistfremont.pythonanywhere.com/92/
1,CRESTRON,,HD-DA-2,1-to-2 HDMI® Distribution Amplifier & Audio Converter,,,A2,avidexloanerlistfremont.pythonanywhere.com/93/
1,CRESTRON,,HD-MD-300-C,DM Lite – HD Scaling Auto-Switcher & HDMI® over CATx Extender 300 w/Wall Plate Transmitter,,,A3,avidexloanerlistfremont.pythonanywhere.com/94/
1,CRESTRON,,HD-MD-400-C-E,DM Lite – HD Scaling Auto-Switcher & HDMI® over CATx Extender 300 w/Wall Plate Transmitter,,,A3,avidexloanerlistfremont.pythonanywhere.com/95/
1,CRESTRON,,HD-MD4X2-4K-E,4x2 4K HDMI® Switcher,,,A3,avidexloanerlistfremont.pythonanywhere.com/96/
1,CRESTRON,,HD-RX-2-C,?,,KIT4,A2,avidexloanerlistfremont.pythonanywhere.com/97/
1,CRESTRON,,HD-RX-201-C-E,"DM Lite – HDMI® over CATx Receiver, Room Controller, 2x1 Auto-Switcher, HD Scaler, Surface Mount",,,A3,avidexloanerlistfremont.pythonanywhere.com/98/
1,CRESTRON,,HD-RX-4-C-B,"4K HDMI® over HDBaseT® Receiver w/Analog Audio, Black",,,A3,avidexloanerlistfremont.pythonanywhere.com/99/
1,CRESTRON,,HD-SCALER,High-Definition Video Scaler,,CRESTRON MISC BOX,B6,avidexloanerlistfremont.pythonanywhere.com/100/
1,CRESTRON,,HD-TX-101-C-1G-E-W-T,"DM Lite® Transmitter for HDMI® Signal Extension over CATx Cable, Wall Plate, White Textured",,,A2,avidexloanerlistfremont.pythonanywhere.com/101/
1,CRESTRON,,HD-TX3-C-W,"4K HDMI® over HDBaseT® Transmitter, White",,,A5,avidexloanerlistfremont.pythonanywhere.com/102/
1,CRESTRON,,IDOC-PAD2-DSWC-W-S,"iPanel® In-Wall Docking Station for iPad® 2 and iPad (3rd generation), Smooth White",,,B7,avidexloanerlistfremont.pythonanywhere.com/103/
1,CRESTRON,,MP3-302-W,"3-Series® Media Presentation Controller 302, White",,,B7,avidexloanerlistfremont.pythonanywhere.com/104/
1,CRESTRON,,MPC-M10-W,"Media Presentation Controller™ M10, White",,,B7,avidexloanerlistfremont.pythonanywhere.com/105/
1,CRESTRON,,PRO2,Professional Dual Bus Control System,,,A7,avidexloanerlistfremont.pythonanywhere.com/106/
1,CRESTRON,,PRO3,3-Series Control System®,,,A7,avidexloanerlistfremont.pythonanywhere.com/107/
1,CRESTRON,,PW-4818DU,90W PoDM Power Pack for DMPS,,,A2,avidexloanerlistfremont.pythonanywhere.com/108/
1,CRESTRON,,PW-E-4803RU,PoE Injector,,,A2,avidexloanerlistfremont.pythonanywhere.com/109/
1,CRESTRON,,QM-WCC-1-D-T,"QuickMedia® Wall Plate Computer Center, Single Input, Black",,CRESTRON MISC BOX,B6,avidexloanerlistfremont.pythonanywhere.com/110/
1,CRESTRON,,RMC3,3-Series® Room Media Controller,,,A3,avidexloanerlistfremont.pythonanywhere.com/111/
1,CRESTRON,,TMPC-8X-DSW,Wall Mount Docking Station for TPMC-8X or TPMC-8X-GA,,,B7,avidexloanerlistfremont.pythonanywhere.com/112/
1,CRESTRON,,TPMC-8X,"Isys™ 8.4"" WiFi Touchpanel",,touchpanel,B7,avidexloanerlistfremont.pythonanywhere.com/113/
1,CRESTRON,,TPMC-8X-DS,Desktop Docking Station for TPMC-8X-GA,,,B7,avidexloanerlistfremont.pythonanywhere.com/114/
1,CRESTRON,,TPMC-9-B-T,"9"" Tilt Touch Screen, Black Textured",,,B7,avidexloanerlistfremont.pythonanywhere.com/115/
1,CRESTRON,,TPS-6S-FPW-S,"Engravable Button Bezel Kit (engraved) for TPS-6-W-S & TPS-6X-W-S, Gloss White",,FRONT BEVEL ENGRAVED,B7,avidexloanerlistfremont.pythonanywhere.com/116/
1,CRESTRON,,TPS-6X-IMCW,"Interface Module for TPS-6, TPS-6X-DS, TPS-6X-DS-LP, & TPMC-9",,CRESTRON MISC BOX,B6,avidexloanerlistfremont.pythonanywhere.com/117/
1,CRESTRON,,TST-902,8.7 in. Wireless Touch Screen Discontinued,,,B7,avidexloanerlistfremont.pythonanywhere.com/118/
1,CRESTRON,,TST-902-DSW,Wall Dock for TST-902,,,B7,avidexloanerlistfremont.pythonanywhere.com/119/
1,CRESTRON,,TSW-1050-TTKW-S,"Tabletop Kit for TSW-1050 & TSW-1052, White Smooth Discontinued",,,B7,avidexloanerlistfremont.pythonanywhere.com/120/
1,CRESTRON,,TSW-1052-B-S,"10.1” Touch Screen, Black Smooth Discontinued",,,B7,avidexloanerlistfremont.pythonanywhere.com/121/
1,CRESTRON,,TSW-1052-W-S,"10.1” Touch Screen, White Smooth Discontinued",,,B7,avidexloanerlistfremont.pythonanywhere.com/122/
9,CRESTRON,,TSW-550 BRACKETS,Touch Screen brackets,,ALSO 2X METAL PLATES ,B7,avidexloanerlistfremont.pythonanywhere.com/123/
1,CRESTRON,,TSW-730-B-S,"7” Room Scheduling Touch Screen, Black Smooth Discontinued",,,B7,avidexloanerlistfremont.pythonanywhere.com/124/
1,CRESTRON,,USB-EXT,USB over Twisted Pair Extender Discontinued,,CRESTRON MISC BOX,B6,avidexloanerlistfremont.pythonanywhere.com/125/
1,CRESTRON,,USB-EXT-2-LOCAL,"USB over Category Cable Extender, Local",,CRESTRON MISC BOX,B6,avidexloanerlistfremont.pythonanywhere.com/126/
1,CROWN,CDI4000,,"Two-channel, 1200W @ 4Ω, 70V/140V Power Amplifier",,,16,avidexloanerlistfremont.pythonanywhere.com/127/
1,CROWN,CT8200,,"(discontinued) Eight-channel, 200W Power Amplifier",,,15,avidexloanerlistfremont.pythonanywhere.com/128/
1,CROWN,CTS4200,,"(discontinued) Four-channel, 260W Power Amplifier",,,16,avidexloanerlistfremont.pythonanywhere.com/129/
1,CROWN,MB2,,"Table Top Boundary Microphone with 1/4"" Phone Connection (Black)",,,15,avidexloanerlistfremont.pythonanywhere.com/130/
1,DALITE,LVC-4,,Da-Lite Single Motor Low Voltage Control System Projector Up/Down wall plate,,,Z6,avidexloanerlistfremont.pythonanywhere.com/131/
1,DIGITALINX,DL-USB2-WP-H,,USB 2.0 Hi-Speed Twisted Pair Extender WP Host,1409CP1403,,Z1,avidexloanerlistfremont.pythonanywhere.com/132/
1,EXTRON,26-566-02,,Male to Male 15-pin HD Micro HR with Audio Cables,,,Z4,avidexloanerlistfremont.pythonanywhere.com/133/
1,EXTRON,28-327-57LF,,Power Supply,,CRESTRON MISC BOX,B6,avidexloanerlistfremont.pythonanywhere.com/134/
1,EXTRON,60-10-43-12,,"Cable Retraction System with Speed Control for AVEdge, Cable Cubby, and Select TouchLink Enclosures",,,Z4,avidexloanerlistfremont.pythonanywhere.com/135/
1,EXTRON,60-1022-01,PS124,"Multiple Output 12 VDC, 48 W Power Supply",,,Z5,avidexloanerlistfremont.pythonanywhere.com/136/
1,EXTRON,60-12-71-13,DTP HDMI 4K 230 Rx,DTP Receiver for HDMI,,,Z4,avidexloanerlistfremont.pythonanywhere.com/137/
1,EXTRON,60-1221-01,DP DA2,Two Output DisplayPort Distribution Amplifier,,,Z5,avidexloanerlistfremont.pythonanywhere.com/138/
1,EXTRON,60-1271-12,DTP HDMI 4K 230 Tx,DTP Transmitter for HDMI,,,Z5,avidexloanerlistfremont.pythonanywhere.com/139/
1,EXTRON,60-1471-12,USB Extender Plus Series,Twisted Pair Extender for USB Peripherals,,,Z4,avidexloanerlistfremont.pythonanywhere.com/140/
1,EXTRON,60-497-01,MLS 100 A,Four Input Stereo Audio Switcher,,,Z5,avidexloanerlistfremont.pythonanywhere.com/141/
1,EXTRON,60-818-03,MLC 104 IP Plus,MediaLink Controller with Ethernet Control,,,Z5,avidexloanerlistfremont.pythonanywhere.com/142/
1,EXTRON,60-871-12,USB Extender Series,Twisted Pair Extender for USB Peripherals,,,Z4,avidexloanerlistfremont.pythonanywhere.com/143/
1,EXTRON,60-871-22,,"RETIRED
USB Extender Series
Twisted Pair Extender for USB Peripherals",,,Z3,avidexloanerlistfremont.pythonanywhere.com/144/
1,EXTRON,60-957-13,,"RETIRED
DVI DL 201
Dual Link DVI Twisted Pair Extender with EDID Minder®",,,Z4,avidexloanerlistfremont.pythonanywhere.com/145/
1,EXTRON,60-977-01,DVI 104 TX/RX,DVI Fiber Optic Extender,,,Z5,avidexloanerlistfremont.pythonanywhere.com/146/
1,EXTRON,60-991-01,,DVI Fiber Optic Extender,,,Z4,avidexloanerlistfremont.pythonanywhere.com/147/
3,EXTRON,70-1066-04,,"Extended Length Cable Retraction System with Speed Control for AVEdge, Cable Cubby, and Select TouchLink Enclosures",,,Z6,avidexloanerlistfremont.pythonanywhere.com/148/
1,EXTRON,70-775-01,,12 V & 15 V Replacement Power Supplies Featuring ZipClip®,,,Z4,avidexloanerlistfremont.pythonanywhere.com/149/
1,EXTRON,70-775-01,,12 V & 15 V Replacement Power Supplies Featuring ZipClip®,,,Z5,avidexloanerlistfremont.pythonanywhere.com/150/
1,EXTRON,70-778-01,,12 V & 15 V Replacement Power Supplies Featuring ZipClip®,,,Z4,avidexloanerlistfremont.pythonanywhere.com/151/
1,EXTRON,,CROSSPOINT SWITCHER,Matrix Switchers,,,Z7,avidexloanerlistfremont.pythonanywhere.com/152/
1,EXTRON,,DMP64,6x4 ProDSP™ Digital Matrix Processor,,,Z3,avidexloanerlistfremont.pythonanywhere.com/153/
1,EXTRON,,DTP HDMI 330 RX,Long Distance DTP Receiver for HDMI,,,Z3,avidexloanerlistfremont.pythonanywhere.com/154/
1,EXTRON,,DTP-HDMI-230-TX,DTP Transmitter for HDMI,,CRESTRON MISC BOX,B6,avidexloanerlistfremont.pythonanywhere.com/155/
1,EXTRON,,DTP-R-DP-330,Long Distance DTP Receiver for DisplayPort,,,Z2,avidexloanerlistfremont.pythonanywhere.com/156/
1,EXTRON,,DTP-T-DP-330,Long Distance DTP Transmitter for DisplayPort,,,Z2,avidexloanerlistfremont.pythonanywhere.com/157/
1,EXTRON,,DTP-T-HWP-4K-231-D ,DTP Transmitter for HDMI - Decorator-Style Wallplate,,POWER SUPPLY INCLUDED,Z5,avidexloanerlistfremont.pythonanywhere.com/158/
1,EXTRON,,DVI 201 RX,"RETIRED
DVI 201
DVI Twisted Pair Extender",,,Z4,avidexloanerlistfremont.pythonanywhere.com/159/
1,EXTRON,,DVI 201 TX,"RETIRED
DVI 201
DVI Twisted Pair Extender",,,Z4,avidexloanerlistfremont.pythonanywhere.com/160/
1,EXTRON,,HDMI 101 AND EQUALIZER ,"RETIRED
HDMI 101 Plus
HDMI Cable Equalizer",,,Z3,avidexloanerlistfremont.pythonanywhere.com/161/
1,EXTRON,,HDMI 201 TX/RX SET,"RETIRED
HDMI 201
HDMI Twisted Pair Extender
",,,Z5,avidexloanerlistfremont.pythonanywhere.com/162/
1,EXTRON,,HDMI DA4,"RETIRED
HDMI DA Series
HDMI Distribution Amplifiers",,,Z3,avidexloanerlistfremont.pythonanywhere.com/163/
1,EXTRON,,IN1606,Six Input HDCP-Compliant Scaling Presentation Switcher,,,Z2,avidexloanerlistfremont.pythonanywhere.com/164/
1,EXTRON,,IN1606 ,Six Input HDCP-Compliant Scaling Presentation Switcher,,A1059RR,Z3,avidexloanerlistfremont.pythonanywhere.com/165/
1,EXTRON,,PS12-10C,12 V & 15 V Replacement Power Supplies Featuring ZipClip®,,,Z4,avidexloanerlistfremont.pythonanywhere.com/166/
1,EXTRON,,PS12-10C,12 V & 15 V Replacement Power Supplies Featuring ZipClip®,,,Z5,avidexloanerlistfremont.pythonanywhere.com/167/
1,EXTRON,,PS124,"RETIRED
PS 124
Multiple Output 12 VDC, 48 W Power Supply",,,Z5,avidexloanerlistfremont.pythonanywhere.com/168/
1,EXTRON,,PSA124,"RETIRED
PS 124
Multiple Output 12 VDC, 48 W Power Supply",,,Z5,avidexloanerlistfremont.pythonanywhere.com/169/
1,EXTRON,,RETRACTOR XL SERIES / 2 HDMI ,"Extended Length Cable Retraction System with Speed Control for AVEdge, Cable Cubby, and Select TouchLink Enclosures",,,Z3,avidexloanerlistfremont.pythonanywhere.com/170/
1,EXTRON,,TLP-350-MV,"RETIRED
TLP 350MV
3.5"" Wall Mount TouchLink Touchpanel",,,Z5,avidexloanerlistfremont.pythonanywhere.com/171/
1,EXTRON,,USB EXTENDER DECOR RX,"Twisted Pair Extender for USB Peripherals
",,POWER SUPPLY INCLUDED ,Z3,avidexloanerlistfremont.pythonanywhere.com/172/
1,FRESNEL,,LENS FOR MODEL 9700 OVERHEAD PROJECTOR,Overhead Projector Lens 3M 9700,,,Z6,avidexloanerlistfremont.pythonanywhere.com/173/
1,FURMAN,,PS-8R SERIES-11,POWER CONDITIONER/SEQUENCER WITH SMP+ TECHNOLOGY,,,Z1,avidexloanerlistfremont.pythonanywhere.com/174/
1,GOOGLE MEET,5M21B4032A,MIC POD,Google Meet Mic Pod,,google,Y0,avidexloanerlistfremont.pythonanywhere.com/175/
1,HALL RESEARCH,SC-HDMI-2A,,HDMI Scaler & Audio Extractor,,,Z6,avidexloanerlistfremont.pythonanywhere.com/176/
1,ICRON,ICR2101,,USB 2.0 Ranger 2101 & USB 2.0 Ranger 2104 Extenders,,,Z1,avidexloanerlistfremont.pythonanywhere.com/177/
1,ICRON,ICR2104,,USB 2.0 Ranger 2101 & USB 2.0 Ranger 2104 Extenders,,,Z1,avidexloanerlistfremont.pythonanywhere.com/178/
1,LEGRAND,,USB 2.0 OVER CAT5 SUPERBOOSTER DONGLE KIT ,USB 2.0 Extender over Cat5 cable,,,Z1,avidexloanerlistfremont.pythonanywhere.com/179/
2,LG,RU-15LA70C,LG Monitors,"LG RU-15LA70C 15.1 inch HDTV LCD Monitor with speakers, table stand and built-in NTSC tuner",,,Y4,avidexloanerlistfremont.pythonanywhere.com/180/
3,Liberty AV Solutions,014 46 16 214,Hybrid Fiber HDMI,"HDMI Active Optical Cables
",,,Y3,avidexloanerlistfremont.pythonanywhere.com/181/
1,Life Size ,1000-0000-0234,Cam200 power supply,LIFESIZE CAMERA SPARE/REPLACEMENT POWER SUPPLY,,life size powersupply,Y0,avidexloanerlistfremont.pythonanywhere.com/182/
1,Life Size ,1000-0000-0759,Link Cable,Lifesize Link Cable – 9M,,life size cable link,Y0,avidexloanerlistfremont.pythonanywhere.com/183/
1,LOGITECH,952-000033,,Logitech Switch Hub,,logitech swytcher,Y0,avidexloanerlistfremont.pythonanywhere.com/184/
1,LOGITECH,BCC950,CONFERENCE,Logitech BCC950 All-In-One Webcam and Speakerphone,,,Y3,avidexloanerlistfremont.pythonanywhere.com/185/
1,LOGITECH,BCC950,CONFERENCE CAMERA,Logitech BCC950 All-In-One Webcam and Speakerphone,,,Y0,avidexloanerlistfremont.pythonanywhere.com/186/
1,MARSHALL,CV3335 - CS-HDMI Camera,,CV335-CS 2MP HDMI/HD-SDI Mini-Box 1080p/720p Camera,,black box,Y0,avidexloanerlistfremont.pythonanywhere.com/187/
4,Marshall,PS12U,Marshall power supply,Marshall Electronics 12 VDC 2.0A Universal Power Adapter with Lock,,,Y3,avidexloanerlistfremont.pythonanywhere.com/188/
1,MARSHALL ELECTRONICS,M-LYNX-702,,"7"" Rackmountable 1280 x 800 LCD Display
",,,Z6,avidexloanerlistfremont.pythonanywhere.com/189/
1,MARSHALL ELECTRONICS,V-LCD173HR,,"17.3"" Professional LCD Rack Mount / Desktop Monitor",,,10,avidexloanerlistfremont.pythonanywhere.com/190/
1,MIDDLE ATLANTIC,PB-915R,,"Rackmount Power, 9 Outlet, 15A with Series Surge Protection - DISCONTINUED",,,10,avidexloanerlistfremont.pythonanywhere.com/191/
1,MIDDLE ATLANTIC,QBP-2,,"Middle Atlantic QBP-2 Quiet Blower Panel (1 RU, Black Powder Coat)",,,10,avidexloanerlistfremont.pythonanywhere.com/192/
1,MIDDLE ATLANTIC`,QBP-2,,"Middle Atlantic QBP-2 Quiet Blower Panel (1 RU, Black Powder Coat)",,,Z1,avidexloanerlistfremont.pythonanywhere.com/193/
1,NEC,NP06LP,Lamp Unit,Projector Lamp NEC NP06LP/60002234/NP06LP+ Original Lamp,,NEC,Y1,avidexloanerlistfremont.pythonanywhere.com/194/
1,NEC,NP42LP,Lamp Unit,NEC NP42LP Projector Lamp with Module,,NEC,Y1,avidexloanerlistfremont.pythonanywhere.com/195/
1,NEC ,P06FT,Filter,REPLACEMENT FILTER for NEC Projector,,NEC,Y1,avidexloanerlistfremont.pythonanywhere.com/196/
1,NEC ,"PX700W, X800X",COLOR WHEEL,"7000-LUMEN WIDESCREEN PROFESSIONAL INSTALLATION PROJECTOR Color Wheel
Discontinued ",,,Y1,avidexloanerlistfremont.pythonanywhere.com/197/
1,NEC ,PX7500,COLOR WHEEL,"7500-LUMEN WIDESCREEN PROFESSIONAL INSTALLATION PROJECTOR Color Wheel
Discontinued",,NEC,Y1,avidexloanerlistfremont.pythonanywhere.com/198/
1,PAKEDGE,IN1606,,?,,,Z6,avidexloanerlistfremont.pythonanywhere.com/199/
1,Panasonic,ET-LAD60AW,Replacement Lamp,"Panasonic Replacement Projector Lamp
",,,Y3,avidexloanerlistfremont.pythonanywhere.com/200/
1,PANASONIC,ET-LAD60AW,,"Panasonic Replacement Projector Lamp
",,,B4,avidexloanerlistfremont.pythonanywhere.com/201/
1,Panasonic,TKGF0156-3,Projector Zoom Lens,Panasonic Projector Standard Zoom Lens,,,Y3,avidexloanerlistfremont.pythonanywhere.com/202/
1,PLANAR,MX55HDU-L,CLARITY MATRIX WITH G2,"55"" Diagonal Class LED-backlit LCD display
digital signage
1080p (Full HD) 1920 x 1080",,,LEFTFLOOR,avidexloanerlistfremont.pythonanywhere.com/203/
1,POLYCOM,0A3FCB,WIDE ANGLE LENS,? Polycom EagleEye IV 12x Wide Angle Lens,,,Y2,avidexloanerlistfremont.pythonanywhere.com/204/
1,POLYCOM,D2201-33160-001,,"Polycom 2201-33160-001 Sound-Structure C16 Audio Conference Processor
",,,B3,avidexloanerlistfremont.pythonanywhere.com/205/
1,Polycom,MPTZ-10,,Polycom EagleEye IV Conferencing Camera,,,Y2,avidexloanerlistfremont.pythonanywhere.com/206/
1,Polycom,MPTZ-5N,,Polycom MPTZ-5N PowerCam Video Conferencing Camera,,,Y2,avidexloanerlistfremont.pythonanywhere.com/207/
1,Polycom,MPTZ-5N,,"Polycom MPTZ-5N PowerCam Video Conferencing Camera
",,,Y2,avidexloanerlistfremont.pythonanywhere.com/208/
1,Polycom,MPTZ-6,,Polycom Mptz-6 Eagle Eye 720p HD Conference Camera 1624-23412-001,,,Y2,avidexloanerlistfremont.pythonanywhere.com/209/
1,POLYCOM,U2201-12280-001,,Teleconferencing Unit,,,Y2,avidexloanerlistfremont.pythonanywhere.com/210/
1,POLYCOM,,EAGLE EYE DIRECTOR ,EagleEye Director II Video Conference Equipment,,NOT IN BOX,14,avidexloanerlistfremont.pythonanywhere.com/211/
1,POLYCOM,,HDX MIC ARRAY POD,Polycom HDX Mica Microphone Array,821408062EE7C5,,Y2,avidexloanerlistfremont.pythonanywhere.com/212/
1,POLYCOM,,TABLE MIC,POLYCOM	TABLE MIC,82133400669CD2,,Y2,avidexloanerlistfremont.pythonanywhere.com/213/
1,Prysm,S50150581,Prysm Monitor Spare,Prysm Monitor Spare,,,Y4,avidexloanerlistfremont.pythonanywhere.com/214/
1,QSC,CX302V,,"CX 2-channel
Professional Power Amplifiers",,,15,avidexloanerlistfremont.pythonanywhere.com/215/
1,QSC,FG90141000,AXP20,ATTEROTECH AXIOM Audio Extension I/O Modules,,,?,avidexloanerlistfremont.pythonanywhere.com/216/
1,QSC,,CORE 110F,QSC Q-SYS Core 110F 128x128 Networked Audio Channels Processor FG-118041-00,,,15,avidexloanerlistfremont.pythonanywhere.com/217/
1,Rapid Run,42223,HDMI,"Rapidrun Digital Voltage Inserter
",,,Y1,avidexloanerlistfremont.pythonanywhere.com/218/
1,RCI Custom,AV1004-200304PB-1,BK TXM 100,?,,,Y3,avidexloanerlistfremont.pythonanywhere.com/219/
2,RDL,FP-BUC2,,Radio Design Labs RDL FP-BUC2 Balanced to Unbalanced Converter,,,Y3,avidexloanerlistfremont.pythonanywhere.com/220/
1,REVOLABS,01-EXESYS-BLK-NM,Revolabs 01-EXESYS-BLK-NM Solo Executive Elite DSP 8-Channel Wireless Conference Microphone System without Mics,Revolabs 01-EXESYS-BLK-NM Solo Executive Elite DSP 8-Channel Wireless Conference Microphone System without Mics,,,Z6,avidexloanerlistfremont.pythonanywhere.com/221/
1,REVOLABS,01-HDEXEMIC-11,Revolabs Executive HD Wearable Wireless Microphone with Clip,Revolabs Executive HD Wearable Wireless Microphone with Clip,,,Z6,avidexloanerlistfremont.pythonanywhere.com/222/
1,REVOLABS,HD-XLR-MIC,,Revolabs HD XLR Universal Wireless Adapter for Handheld Microphones,,,Z6,avidexloanerlistfremont.pythonanywhere.com/223/
1,SAMSUNG,UN60H6350,,"60"" Smart 1080p LED HDTV",,,LEFTFLOOR,avidexloanerlistfremont.pythonanywhere.com/224/
1,SAMSUNG,QM43N,,"Samsung QM43N 43"" professional display",,,LEFTFLOOR,avidexloanerlistfremont.pythonanywhere.com/225/
1,SHURE,EZO/W,,"EASYFLEX MICROPHONE LINE DISCONTINUED
",,,12,avidexloanerlistfremont.pythonanywhere.com/226/
1,SHURE,MWX1/O Z10,,hybrid bodypack transmitter compatible with Microflex Wireless systems,,NOT IN BOX,13,avidexloanerlistfremont.pythonanywhere.com/227/
1,SHURE,MX396,,MX396 - Microflex® Multi-Element Boundary Microphone - Shure USA,,,12,avidexloanerlistfremont.pythonanywhere.com/228/
1,SHURE,MXW1/O Z10,,hybrid bodypack transmitter compatible with Microflex Wireless systems,,IN BAG,13,avidexloanerlistfremont.pythonanywhere.com/229/
1,SHURE,MXW2 Z10,BETA 58A,MXW2/BETA58 - Handheld Transmitter with Beta 58A Capsule - Shure USA,,NOT IN BOX,13,avidexloanerlistfremont.pythonanywhere.com/230/
1,SHURE,MXW2 Z10,,MXW2/BETA58 - Handheld Transmitter with Beta 58A Capsule - Shure USA,,IN BAG,13,avidexloanerlistfremont.pythonanywhere.com/231/
1,SHURE,MXW8 Z10,,MXW8 - Desktop Base Gooseneck Transmitter - Shure USA,,NOT IN BOX,13,avidexloanerlistfremont.pythonanywhere.com/232/
1,SHURE,MXWANI8,,MXWANI8 - Audio Network Interface - Shure USA,,NOT IN BOX,13,avidexloanerlistfremont.pythonanywhere.com/233/
1,SHURE,MXWAPT8 Z10,,MXWAPT8 - Access Point Transceiver - Shure USA,,NOT IN BOX,13,avidexloanerlistfremont.pythonanywhere.com/234/
1,SHURE,MXWNCS2,,MXWNCS2 - Two-Channel Networked Charging Station - Shure USA,,NOT IN BOX,13,avidexloanerlistfremont.pythonanywhere.com/235/
1,SHURE,MXWNCS8,,MXWNCS8 - Networked Charging Station - Shure USA,,NOT IN BOX,13,avidexloanerlistfremont.pythonanywhere.com/236/
1,SHURE,POWER SUPPLIES,,SHURE	POWER SUPPLIES,,BARREL AND BNC CONNECTORS,13,avidexloanerlistfremont.pythonanywhere.com/237/
1,SHURE,PS21US,,"In-line power supply (230V) for 200M, FP22, FP24, FP33 Mixer, SLX4, PGX4, ET4, EUT4, PG4 and PG88 receiver. DISCONTINUED",,,12,avidexloanerlistfremont.pythonanywhere.com/238/
1,SHURE,R185W-A,,"Cardioid replacement cartridge for Microflex-series lavalier, boundary, gooseneck, and overhead microphones equipped with interchangeable cartridge.",,,13,avidexloanerlistfremont.pythonanywhere.com/239/
1,SHURE,SCM800,,Shure SCM800 8 Channel Microphone Mixer,,,11,avidexloanerlistfremont.pythonanywhere.com/240/
1,SHURE,U8221,,25-foot coaxial cable offers BNC to BNC connection.,,,12,avidexloanerlistfremont.pythonanywhere.com/241/
1,SHURE,UA834WB,,"In-Line Antenna Amplifier. The Shure UA834 is a low-noise, in-line VHF and UHF antenna amplifier. It is intended for remote-mounting antennas to a Shure receiver or Model UA845UWB, or UA844+ distribution amplifier in a large installation.
",,,12,avidexloanerlistfremont.pythonanywhere.com/242/
1,SHURE,UA864US,,Wall-Mounted Wideband Antenna,,,12,avidexloanerlistfremont.pythonanywhere.com/243/
1,SHURE,WL184,,Supercardioid TQG Lavalier Microphone,,,12,avidexloanerlistfremont.pythonanywhere.com/244/
1,SHURE,WL185,,Cardioid TQG Lavalier Microphone,,,12,avidexloanerlistfremont.pythonanywhere.com/245/
2,Sound Structure,2200-35005-001,SoundStructure Voip interface,SoundStructure Voip interface,,,Y3,avidexloanerlistfremont.pythonanywhere.com/246/
2,Sound Structure,RC4-HE,,Sound Control Technologies’ RemoteCam4™ camera integration kit,,,Y3,avidexloanerlistfremont.pythonanywhere.com/247/
1,SURGE-X,SU-1000LI,,"Line Interactive 1000VA UPS with Automatic
Voltage Regulation
Surge Eliminator / Power Conditioner",,,B5,avidexloanerlistfremont.pythonanywhere.com/248/
3,Symetrix,ARC-EX4E,"Adaptive Remote Control Wallplate for Symnet, Expansion","Adaptive Remote Control Wallplate for Symnet, Expansion",,,Y3,avidexloanerlistfremont.pythonanywhere.com/249/
1,Tandberg ,Percision HD 1080p,,Tandberg PrecisionHD USB Video Camera ,A1AB03E00577,,Y0,avidexloanerlistfremont.pythonanywhere.com/250/
1,UNKNOWN,6103469034,BOX FILTER ASSEMBLY,Replacement Projector Filter Cartridge (Auto Rolling Filter),,brand unknown,,avidexloanerlistfremont.pythonanywhere.com/251/
4,unknown,IRP2 - 6500126,IR Bug,IR Emitter Probe w/Terminal Block Connector,,,Y3,avidexloanerlistfremont.pythonanywhere.com/252/
1,UNKNOWN,,LIFTING BAR,,,UNKNOWN USE ,B4,avidexloanerlistfremont.pythonanywhere.com/253/
1,,NMB-MAT FBA08A12L DC12V 0.1A,RACK FAN UNIT,"80 x 80 x 25.5mm Axial Fan 12V DC 0.1A 1.2W NMB-MAT FBA08A12L 24 CFM 21 dBA
",,,Z1,avidexloanerlistfremont.pythonanywhere.com/254/
1,,,USB 3.0 ACTIVE EXTENSION CABLE 5GBPS W POWER SUPPLY,,,MISC BOX,B6,avidexloanerlistfremont.pythonanywhere.com/255/
