QTY,MAKE,PART NUMBER,PRODUCT NAME,SERIAL,NOTE,SHELF
3,CRESTRON,pro-2 ,,,,A7
1,CRESTRON,DMPS3-4K-150-C,,,,A7
1,CRESTRON,digital graphics engine,,,,A7
1,CRESTRON,pro-3,,,,A7
1,CRESTRON,DM-PSU-16,,15588892,,A7
1,CRESTRON,DMPS-200,,,,A7
3,CRESTRON,PRO2,,,,A7
1,CRESTRON,DM-TX-4K-100-C-1G-B-T,,,,A2
4,CRESTRON,DMCO-53,,,,A4
1,CRESTRON,DIN-AP2,,,,A4
3,CRESTRON,DMCO-53,,,,A4
1,CRESTRON,DM-TX-4K-100-C-1G,,,,A2
5,CRESTRON,DMCO-53,,,,A4
3,CRESTRON,DMC-C,,,,A4
1,CRESTRON,DMC-CO-HD,,,,A4
2,CRESTRON,DMC-SO-HD,,,,A4
1,CRESTRON,DMC-HDO,,,,A4
1,CRESTRON,DMC-SO-HD,,,OPEN BAG,?
1,CRESTRON,DM-RMC-SCALER,,,,?
1,CRESTRON,DM-RMC-200-C,,,,A5
1,CRESTRON,DM-RMC-SCALER-C,,,,A5
1,CRESTRON,DM-RMC-4K-SCALER-C,,,,A3
1,CRESTRON,DM-RMC-SCALER-C,,,,A5
1,CRESTRON,DM-RMC-200-C,,,,A3
3,CRESTRON,DMC-C,,,,A4
1,CRESTRON,DMC-HD,,,,A4
1,CRESTRON,DMC-DVI,,,,A4
1,CRESTRON,DMC-HD-C,,,,A4
1,CRESTRON,DM-RMC-4K-100-C,,,,A3
1,CRESTRON,DM-RMC-4K-100-C,,,,A3
1,CRESTRON,DM-RMC-100-1,,,,A3
1,CRESTRON,DM-RMC-100-C,,,,A3
1,CRESTRON,DM-RMC-100-F,,,,A3
1,CRESTRON,RMC3,,,,A3
1,CRESTRON,DM-RMC-150-S,,,,A3
1,CRESTRON,DM-RMC-4K-SCALER-C,,,,A5
1,CRESTRON,DM-RMC-SCALER-C,,,,A3
1,CRESTRON,DM-RMC-100-C,,,,A3
1,CRESTRON,DM-RMC-100,,,,A4
1,CRESTRON,DM-RMC-200-C,,,,A5
1,CRESTRON,DM-CO-HD-PA,,,,A4
1,CRESTRON,DM-RMC-SCALER-C,,,KIT1,A2
1,CRESTRON,DM-TX-200-C-2G-B-T,,,KIT1,A2
1,CRESTRON,DM-TX-4K-100-C-1G-W-T,,,KIT2,A2
1,CRESTRON,DM-RMC-4K-100-C,,,KIT2,A2
1,CRESTRON,DM-TX-201-C,,,KIT3,A2
1,CRESTRON,DM-RMC-100-C,,,KIT3,A2
1,CRESTRON,HD-DA-2,,,KIT3,A2
1,CRESTRON,DM-RMC-200-C,,,,B7
1,CRESTRON,DM-RMC-100,,,,A3
1,CRESTRON,DMC-VID-RCA-C,,5539986,,A3
1,CRESTRON,HD-RX-4-C-B,,,,A3
1,CRESTRON,HD-MD-300-C,,,,A3
4,CRESTRON,HD-MD4X2-4K-E,,,,A3
2,CRESTRON,HD-MD4X2-4K-E,,,,A3
1,CRESTRON,HD-RX-201-C-E,,,,A3
2,CRESTRON,HD-MD-400-C-E,,,,A3
1,CRESTRON,DM-TX-200-C-2G-B-T,,,,A3
1,CRESTRON,DM-RMC-100-C,,,,A3
1,CRESTRON,DM-TX-200,,,,A3
2,CRESTRON,DM-TX-200-C-2G-W-T,,,,A3
1,CRESTRON,DM-TX-201-C,,,,A3
1,CRESTRON,DM-RM-200C,,,,A3
1,CRESTRON,DM-TX-200-C-2G-B-T,,,,A3
1,CRESTRON,DM-TX-201-C,,,,A2
1,CRESTRON,DM-TX-201-C,,,,A2
1,CRESTRON,DM-TX-201-C,,,,A2
1,CRESTRON,DM-TX-201-C,,,,A2
1,CRESTRON,DM-TX-201-S,,,,A2
1,CRESTRON,DM-TX-201-C,,,,A2
1,CRESTRON,DM-TX-201-C,,,,A2
1,CRESTRON,DM-TX-201-C,,,,A2
1,CRESTRON,DM-TX-201-C,,,,A2
1,CRESTRON,DM-TX-201-C,,,,A2
1,CRESTRON,DM-TX-201-C,,,,A2
1,CRESTRON,DM-TX-201-C,,,,A2
1,CRESTRON,DM-TX-201-C,,,,A2
1,CRESTRON,DM-TX-4K-100-C-1G-E-W-T,,,,A2
1,CRESTRON,HD-TX-101-C-1G-E-W-T,,,,A2
4,CRESTRON,DM-TX-4K-100-C,,,KIT4,A2
1,CRESTRON,HD-RX-2-C,,,KIT4,A2
3,CRESTRON,AM-100,,,,A2
2,CRESTRON,AM-200,,,,A2
2,CRESTRON,C2ENET-1,,,,A2
1,CRESTRON,CN-PWS-75,,,,A2
1,CRESTRON,PW-48-18-DU,,,,A2
1,CRESTRON,PW-4818-DU,,,,A2
2,CRESTRON,PW-E-4803-RU,,,,A2
1,CRESTRON,HAE 100 / 28-327-07LF,,,,A2
1,CRESTRON,HD-DA-2,,,,A2
1,CRESTRON,CEN-HPR-FGW,,,,A2
1,CRESTRON,CN-SW-POE-5,,,,A2
1,CRESTRON,TST-902,,,,B7
2,CRESTRON,IDOC-PAD2-DSWC-W-S,,,,B7
1,CRESTRON,TST-902-DSW,,,,B7
1,CRESTRON,TPMC-9-B-T,,,,B7
1,CRESTRON,TPMC-8X-DS,,,,B7
2,CRESTRON,TPMC-8X,,,touchpanel,B7
1,CRESTRON,TMPC-8X-DSW,,,,B7
1,CRESTRON,MPC-M10-W,,,,B7
1,CRESTRON,MP3-302-W,,,,B7
4,CRESTRON,TPS-6S-FPW-S,,,FRONT BEVEL ENGRAVED,B7
9,CRESTRON,TSW-550 BRACKETS,,,ALSO 2X METAL PLATES ,B7
1,CRESTRON,TSW-730-B-S,,,,B7
1,CRESTRON,TSW-1052-B-S,,,,B7
1,CRESTRON,TSW-1050-TTKW-S,,,,B7
1,CRESTRON,TSW-1052-W-S,,,,B7
1,CRESTRON,HD-TX3-C-W,,,,A5
1,CRESTRON,C2N-FTB-D-BALUM,,,,B7
3,CRESTRON,USB-EXT-2-LOCAL,,,CRESTRON MISC BOX,B6
3,CRESTRON,USB-EXT,,,CRESTRON MISC BOX,B6
1,CRESTRON,HD-SCALER,,,CRESTRON MISC BOX,B6
2,CRESTRON,USB-EXT-2-LOCAL,,,CRESTRON MISC BOX,B6
1,CRESTRON,TPS-6X-IMCW,,,CRESTRON MISC BOX,B6
1,CRESTRON,QM-WCC-1-D-T,,,CRESTRON MISC BOX,B6
1,EXTRON,28-327-57LF,,,CRESTRON MISC BOX,B6
1,EXTRON,DTP-HDMI-230-TX,,,CRESTRON MISC BOX,B6
1,,,USB 3.0 ACTIVE EXTENSION CABLE 5GBPS W POWER SUPPLY,,MISC BOX,B6
1,EXTRON,60-871-12,,,,Z4
1,EXTRON,60-1471-12,,,,Z4
1,EXTRON,60-871-22,,,,Z3
1,EXTRON,60-10-43-12,,,,Z4
2,EXTRON,60-10-43-12,,,,Z4
1,EXTRON,60-12-71-13,,,,Z4
1,EXTRON,,DTP HDMI 330 RX,,,Z3
1,EXTRON,,DVI 201 RX,,,Z4
1,EXTRON,,DVI 201 TX,,,Z4
1,EXTRON,60-977-01,DVI 104 TX/RX,,,Z5
1,EXTRON,26-566-02,,,,Z4
1,EXTRON,60-497-01,,,,Z5
1,EXTRON,60-818-03,,,,Z5
1,EXTRON,60-991-01,,,,Z4
1,EXTRON,60-991-01,,,,Z4
1,EXTRON,,HDMI 201 TX/RX SET,,,Z5
2,EXTRON,70-775-01,,,,Z4
1,EXTRON,70-778-01,,,,Z4
1,EXTRON,70-775-01,,,,Z5
1,EXTRON,60-1271-12,,,,Z5
1,EXTRON,60-1271-12,,,,Z5
1,EXTRON,60-1221-01,,,,Z5
1,EXTRON,,PS124,,,Z5
1,EXTRON,60-957-13,,,,Z4
1,EXTRON,,DTP-T-HWP-4K-231-D ,,POWER SUPPLY INCLUDED,Z5
2,EXTRON,,PS12-10C,,,Z4
1,EXTRON,60-1022-01,PS124,,,Z5
2,EXTRON,,PS1210C,,,Z5
1,EXTRON,,PSA124,,,Z5
2,EXTRON,,PS1210C,,,Z5
1,EXTRON,,TLP-350-MV,,,Z5
1,EXTRON,,HDMI DA4,,,Z3
1,EXTRON,,DMP64,,,Z3
1,EXTRON,,USB EXTENDER DECOR RX,,POWER SUPPLY INCLUDED ,Z3
1,EXTRON,,HDMI 101 AND EQUALIZER ,,,Z3
1,EXTRON,,IN1606 ,,A1059RR,Z3
1,EXTRON,,RETRACTOR XL SERIES / 2 HDMI ,,,Z3
1,EXTRON,,IN606,,,Z2
1,EXTRON,,DTP-T-DP-330,,,Z2
1,EXTRON,,DTP-T-DP-330,,,Z2
1,EXTRON,,DTP-R-DP-330,,,Z2
1,EXTRON,,DTP-R-DP-330,,,Z2
1,EXTRON,,CROSSPOINT SWITCHER,,,Z7
2,ATLONA,,AT-UHD-EX-100-CE-TX/RX,,,Z1
1,QSC,FG90141000,AXP20,,,?
1,AXS,DT60L-135-V-AMX-17,,,,9
1,,NMB-MAT FBA08A12L DC12V 0.1A,RACK FAN UNIT,,,Z1
1,FURMAN,,PS-8R SERIES-11,,,Z1
1,ICRON,ICR2101,,,,Z1
1,ICRON,ICR2104,,,,Z1
1,LEGRAND,,USB 2.0 OVER CAT5 SUPERBOOSTER DONGLE KIT ,,,Z1
1,MIDDLE ATLANTIC`,QBP-2,,,,Z1
1,DIGITALLINX,DL-USB2-WP-H,,1409CP1403,,Z1
2,CLEARONE,,CONVERGE PRO 880 T,,,8
1,AXS,DT60L-135-V-AMX17,,,,9
1,AUDIOFLEX,IP-2CK,,,OP-2ECK,9
1,BIAMP,,AEC2HD CARD KIT ,,,9
1,AMX,MVP-8400,,,,9
1,AMX,EXB-REL8,,,,9
1,AMX,FG423-17,,,,9
1,AMX,NXT-CV7,,,,9
1,AMX,NXVA-AVB/ETHERNET,,,,9
1,AMX,HPXA-V10-1HD-MI-R,,,,9
1,AMX,N1-2000,,,,9
1,MIDDLE ATLANTIC,QBP-2,,,,10
1,MIDDLE ATLANTIC,PB-915R,,,,10
1,MARSHALL ELECTRONICS,V-LCD173HR,,,,10
1,ATTEROTECH,AXP20,,,,11
1,CLOCKAUDIO,SM80S-RF-PTT,,,,11
1,CLOCKAUDIO,C007EW-RF,,,,11
1,CLOCKAUDIO,CH32W,,,,11
1,AUDIO TECHNICA,ES947,,,,11
1,SHURE,SCM800,,,,11
3,AKG,DHT800BD1,,,WITH WINDSCREEN,12
1,AKG,D5WL1,,,,12
1,AKG,DHT800,,,,12
1,SHURE,PS21US,,,,12
1,SHURE,EZO/W,,,,12
2,SHURE,WL184,,,,12
1,SHURE,WL185,,,,12
1,SHURE,U8221,,,,12
1,SHURE,UA834WB,,,,12
1,SHURE,MX396,,,,12
2,SHURE,UA864US,,,,12
1,SHURE,POWER SUPPLIES,,,BARREL AND BNC CONNECTORS,13
1,SHURE,MXW2 Z10,BETA 58A,,NOT IN BOX,13
1,SHURE,MWX1/O Z10,,,NOT IN BOX,13
1,SHURE,MXWNCS2,,,NOT IN BOX,13
1,SHURE,MXW1/O Z10,,,IN BAG,13
1,SHURE,MXW2 Z10,,,IN BAG,13
3,SHURE,MXWNCS8,,,NOT IN BOX,13
12,SHURE,MXW8 Z10,,,NOT IN BOX,13
6,SHURE,R185W-A,,,,13
2,SHURE,MXWAPT8 Z10,,,NOT IN BOX,13
1,COUNTRYMAN,WCE6IB,LAVALIER MICROPHONE,,IN CASE,13
6,SHURE,MXWANI8,,,NOT IN BOX,13
1,POLYCOM,,EAGLE EYE DIRECTOR ,,NOT IN BOX,14
1,AMX,NXC-ME-260/64,NETLIX MASTER,,NOT IN BOX,14
1,AMX,NI4000,,,NOT IN BOX,14
1,CLEARONE,,CONVERGE PRO 880T,,NOT IN BOX,14
2,CLEARONE,,CONVERGE PRO 8I,,NOT IN BOX,14
1,BIAMP,,NEXIA-TC,,,15
1,QSC,,CORE 110F,,,15
3,CROWN,MB2,,,,15
1,CROWN,CT8200,,,,15
1,CROWN,CTS4200,,,,16
1,CROWN,CDI4000,,,,16
1,PLANAR,MX55HDU-L,CLARITY MATRIX WITH G2,,,LEFTFLOOR
1,SAMNSUNG,UN60H6350,,,,LEFTFLOOR
1,SAMSUNG,QM43N,,,,LEFTFLOOR
1,MARSHALL ELECTRONICS,,,,,-
1,HALL RESEARCH,SC-HDMI-2A,,,,Z6
1,REVOLABS,01-EXESYS-BLK-NM,,,,Z6
1,REVOLABS,01-HDEXEMIC-11,,,,Z6
1,REVOLABS,HD-XLR-MIC,,,,Z6
1,FRESNEL,,LENS FOR MODEL 9700 OVERHEAD PROJECTOR,,,Z6
1,PAKEDGE,IN1606,,,,Z6
1,DALITE,LVC-4,,,,Z6
1,MARSHALL ELECTRONICS,M-LYNX-702,,,,Z6
3,EXTRON,70-1066-04,RETRACTOR XL SERIES/2 HDMI ,,,Z6
1,CRESTRON,6511147,,,NOT IN BOX,B4
1,ATTEROTECH,UNA6IO-BT,,,,B4
1,PANASONIC,ET-LAD60AW,,,,B4
1,SURGE-X,SU-1000LI,,,,B5
1,QSC,CX302V,,,,15
1,UNKNOWN,,LIFTING BAR,,UNKNOWN USE ,B4
1,POLYCOM,D2201-33160-001,,,,B3
4,CHRISTIE,003-100857-02,ASSY LAMP 350W,,,B3
1,CV3335 - CS-HDMI Camera,,,,black box,Y0
1,Tandberg ,Percision HD 1080p,,A1AB03E00577,,Y0
5,Life Size ,1000-0000-0759,Link Cable,,life size cable link,Y0
1,Life Size ,1000-0000-0234,Cam200 power supply,,life size powersupply,Y0
2,LOGITECH,952-000033,,,logitech swytcher,Y0
1,LOGITECH,vcc950,CONFERENCE CAMERA,,,Y0
2,GOOGLE MEET,5M21B4032A,MIC POD,,google,Y0
1,UNKNOWN,6103469034,BOX FILTER ASSEMBLY,,brand unknown,
3,NEC ,P06FT,Filter,,NEC,Y1
1,NEC,NP42LP,Lamp Unit,,NEC,Y1
1,NEC,NP06LP,Lamp Unit,,NEC,Y1
1,Rapid Run,42223,HDMI,,,Y1
1,NEC ,PX7500,COLOR WHEEL,,NEC,Y1
1,NEC ,"PX700W, X800X",COLOR WHEEL,,,Y1
1,BLACK MAGIC,,HARD DRIVE RECORDER,1900916,,Y2
1,Polycom,MPTZ-5N,,,,Y2
1,Polycom,MPTZ-10,,,,Y2
1,Polycom,MPTZ-6,,,,Y2
1,Polycom,MPTZ-5N,,,,Y2
1,POLYCOM,,TABLE MIC,82133400669CD2,,Y2
1,POLYCOM,0A3FCB,WIDE ANGLE LENS,,,Y2
1,POLYCOM,,HDX MIC ARRAY POD,821408062EE7C5,,Y2
1,POLYCOM,U2201-12280-001,,,,Y2
1,LOGITECH,BCC950,CONFERENCE,,,Y3
2,Sound Structure,RC4-HE,,,,Y3
1,RCI custum,AV1004-200304PB-1,BK TXM 100,,,Y3
3,Symetrix,ARC-EX4E,Control,,,Y3
4,unknown,IRP2 - 6500126,IR Bug,,,Y3
2,RDL,FP-BUC2,Balanced to Unbalanced converter,,,Y3
2,Sound Structure,2200-35005-001,SoundStructure Voip interface,,,Y3
4,Marshall,PS12U,Marshall power supply,,,Y3
3,Liberty AV Solutions,014 46 16 214,Hybrid Fiber HDMI,,,Y3
1,Panasonic,TKGF0156-3,Projector Zoom Lens,,,Y3
1,Panasonic,ET-LAD60AW,Replacement Lamp,,,Y3
1,Christie,003-100857-02,Christie Projector Lamp,,,Y4
2,LG,RU-15LA70C,LG Monitors,,,Y4
1,Prysm,S50150581,Prysm Monitor Spare,,,Y4